{"newtonScr": [0.6844360302909526, 0.6861298860057651, 0.685930823686214, 0.6845859469627553], "lbfgsScr": [0.6852829812674373, 0.6862295372264926, 0.685831160055621, 0.6848350179329014], "liblinearScr": [0.6856815464328417, 0.6852330473592017, 0.6867277976645874, 0.6857315413844552], "sagScr": [0.6830908728577122, 0.6770623546923685, 0.6794038548765498, 0.6803009046960927], "sagaScr": [0.6716321243523317, 0.6553905152024707, 0.663560737915428, 0.6648063657369523]}