{"newtonScr": [0.6901338621715419, 0.6881507188894398, 0.6883181033364953, 0.6878247622106004], "lbfgsScr": [0.6907949099322426, 0.6879854569492645, 0.688648681848892, 0.6874940743799126], "liblinearScr": [0.6902991241117171, 0.6888117666501404, 0.688647862909555, 0.6873281570174635], "sagScr": [0.6602214509998348, 0.6476615435465213, 0.652784461990978, 0.6552646267241643], "sagaScr": [0.64187737564039, 0.6268385390844489, 0.6336158219079921, 0.6349397498241428]}